,Survived,Pclass,Sex,SibSp,Parch,Fare,Embarked,state,family,edad
0,0,3,male,1,0,7.25,S,Mr,2,1
1,1,1,female,1,0,71.2833,C,Mrs,2,4
2,1,3,female,0,0,7.925,S,Miss,1,2
3,1,1,female,1,0,53.1,S,Mrs,2,4
4,0,3,male,0,0,8.05,S,Mr,1,4
5,0,3,male,0,0,8.4583,Q,Mr,1,2
6,0,1,male,0,0,51.8625,S,Mr,1,5
7,0,3,male,3,1,21.075,S,Master,5,0
8,1,3,female,0,2,11.1333,S,Mrs,3,2
9,1,2,female,1,0,30.0708,C,Mrs,2,0
10,1,3,female,1,1,16.7,S,Miss,3,0
11,1,1,female,0,0,26.55,S,Miss,1,5
12,0,3,male,0,0,8.05,S,Mr,1,1
13,0,3,male,1,5,31.275,S,Mr,7,4
14,0,3,female,0,0,7.8542,S,Miss,1,0
15,1,2,female,0,0,16.0,S,Mrs,1,5
16,0,3,male,4,1,29.125,Q,Master,6,0
17,1,2,male,0,0,13.0,S,Mr,1,3
18,0,3,female,1,0,18.0,S,Mrs,2,3
19,1,3,female,0,0,7.225,C,Mrs,1,3
20,0,2,male,0,0,26.0,S,Mr,1,4
21,1,2,male,0,0,13.0,S,Mr,1,4
22,1,3,female,0,0,8.0292,Q,Miss,1,0
23,1,1,male,0,0,35.5,S,Mr,1,2
24,0,3,female,3,1,21.075,S,Miss,5,0
25,1,3,female,1,5,31.3875,S,Mrs,7,4
26,0,3,male,0,0,7.225,C,Mr,1,2
27,0,1,male,3,2,263.0,S,Mr,6,1
28,1,3,female,0,0,7.8792,Q,Miss,1,0
29,0,3,male,0,0,7.8958,S,Mr,1,2
30,0,1,male,0,0,27.7208,C,Mr,1,4
31,1,1,female,1,0,146.5208,C,Mrs,2,4
32,1,3,female,0,0,7.75,Q,Miss,1,0
33,0,2,male,0,0,10.5,S,Mr,1,5
34,0,1,male,1,0,82.1708,C,Mr,2,2
35,0,1,male,1,0,52.0,S,Mr,2,4
36,1,3,male,0,0,7.2292,C,Mr,1,2
37,0,3,male,0,0,8.05,S,Mr,1,1
38,0,3,female,2,0,18.0,S,Miss,3,1
39,1,3,female,1,0,11.2417,C,Miss,2,0
40,0,3,female,1,0,9.475,S,Mrs,2,4
41,0,2,female,1,0,21.0,S,Mrs,2,2
42,0,3,male,0,0,7.8958,C,Mr,1,2
43,1,2,female,1,2,41.5792,C,Miss,4,0
44,1,3,female,0,0,7.8792,Q,Miss,1,1
45,0,3,male,0,0,8.05,S,Mr,1,2
46,0,3,male,1,0,15.5,Q,Mr,2,2
47,1,3,female,0,0,7.75,Q,Miss,1,0
48,0,3,male,2,0,21.6792,C,Mr,3,2
49,0,3,female,1,0,17.8,S,Mrs,2,1
50,0,3,male,4,1,39.6875,S,Master,6,0
51,0,3,male,0,0,7.8,S,Mr,1,1
52,1,1,female,1,0,76.7292,C,Mrs,2,5
53,1,2,female,1,0,26.0,S,Mrs,2,2
54,0,1,male,0,1,61.9792,C,Mr,2,5
55,1,1,male,0,0,35.5,S,Mr,1,4
56,1,2,female,0,0,10.5,S,Miss,1,1
57,0,3,male,0,0,7.2292,C,Mr,1,2
58,1,2,female,1,2,27.75,S,Miss,4,0
59,0,3,male,5,2,46.9,S,Master,8,0
60,0,3,male,0,0,7.2292,C,Mr,1,1
61,1,1,female,0,0,80.0,,Miss,1,4
62,0,1,male,1,0,83.475,S,Mr,2,5
63,0,3,male,3,2,27.9,S,Master,6,0
64,0,1,male,0,0,27.7208,C,Mr,1,4
65,1,3,male,1,1,15.2458,C,Master,3,0
66,1,2,female,0,0,10.5,S,Mrs,1,2
67,0,3,male,0,0,8.1583,S,Mr,1,1
68,1,3,female,4,2,7.925,S,Miss,7,0
69,0,3,male,2,0,8.6625,S,Mr,3,2
70,0,2,male,0,0,10.5,S,Mr,1,3
71,0,3,female,5,2,46.9,S,Miss,8,0
72,0,2,male,0,0,73.5,S,Mr,1,1
73,0,3,male,1,0,14.4542,C,Mr,2,2
74,1,3,male,0,0,56.4958,S,Mr,1,3
75,0,3,male,0,0,7.65,S,Mr,1,2
76,0,3,male,0,0,7.8958,S,Mr,1,2
77,0,3,male,0,0,8.05,S,Mr,1,2
78,1,2,male,0,2,29.0,S,Master,3,0
79,1,3,female,0,0,12.475,S,Miss,1,3
80,0,3,male,0,0,9.0,S,Mr,1,1
81,1,3,male,0,0,9.5,S,Mr,1,2
82,1,3,female,0,0,7.7875,Q,Miss,1,0
83,0,1,male,0,0,47.1,S,Mr,1,2
84,1,2,female,0,0,10.5,S,Miss,1,0
85,1,3,female,3,0,15.85,S,Mrs,4,3
86,0,3,male,1,3,34.375,S,Mr,5,0
87,0,3,male,0,0,8.05,S,Mr,1,2
88,1,1,female,3,2,263.0,S,Miss,6,1
89,0,3,male,0,0,8.05,S,Mr,1,1
90,0,3,male,0,0,8.05,S,Mr,1,2
91,0,3,male,0,0,7.8542,S,Mr,1,1
92,0,1,male,1,0,61.175,S,Mr,2,5
93,0,3,male,1,2,20.575,S,Mr,4,2
94,0,3,male,0,0,7.25,S,Mr,1,5
95,0,3,male,0,0,8.05,S,Mr,1,2
96,0,1,male,0,0,34.6542,C,Mr,1,5
97,1,1,male,0,1,63.3583,C,Mr,2,1
98,1,2,female,0,1,23.0,S,Mrs,2,4
99,0,2,male,1,0,26.0,S,Mr,2,4
100,0,3,female,0,0,7.8958,S,Miss,1,2
101,0,3,male,0,0,7.8958,S,Mr,1,2
102,0,1,male,0,1,77.2875,S,Mr,2,1
103,0,3,male,0,0,8.6542,S,Mr,1,3
104,0,3,male,2,0,7.925,S,Mr,3,4
105,0,3,male,0,0,7.8958,S,Mr,1,2
106,1,3,female,0,0,7.65,S,Miss,1,1
107,1,3,male,0,0,7.775,S,Mr,1,2
108,0,3,male,0,0,7.8958,S,Mr,1,4
109,1,3,female,1,0,24.15,Q,Miss,2,0
110,0,1,male,0,0,52.0,S,Mr,1,5
111,0,3,female,1,0,14.4542,C,Miss,2,0
112,0,3,male,0,0,8.05,S,Mr,1,1
113,0,3,female,1,0,9.825,S,Miss,2,1
114,0,3,female,0,0,14.4583,C,Miss,1,0
115,0,3,male,0,0,7.925,S,Mr,1,1
116,0,3,male,0,0,7.75,Q,Mr,1,5
117,0,2,male,1,0,21.0,S,Mr,2,2
118,0,1,male,0,1,247.5208,C,Mr,2,1
119,0,3,female,4,2,31.275,S,Miss,7,0
120,0,2,male,2,0,73.5,S,Mr,3,1
121,0,3,male,0,0,8.05,S,Mr,1,2
122,0,2,male,1,0,30.0708,C,Mr,2,3
123,1,2,female,0,0,13.0,S,Miss,1,3
124,0,1,male,0,1,77.2875,S,Mr,2,5
125,1,3,male,1,0,11.2417,C,Master,2,0
126,0,3,male,0,0,7.75,Q,Mr,1,2
127,1,3,male,0,0,7.1417,S,Mr,1,1
128,1,3,female,1,1,22.3583,C,Miss,3,0
129,0,3,male,0,0,6.975,S,Mr,1,5
130,0,3,male,0,0,7.8958,C,Mr,1,3
131,0,3,male,0,0,7.05,S,Mr,1,1
132,0,3,female,1,0,14.5,S,Mrs,2,5
133,1,2,female,1,0,26.0,S,Mrs,2,2
134,0,2,male,0,0,13.0,S,Mr,1,2
135,0,2,male,0,0,15.0458,C,Mr,1,1
136,1,1,female,0,2,26.2833,S,Miss,3,1
137,0,1,male,1,0,53.1,S,Mr,2,4
138,0,3,male,0,0,9.2167,S,Mr,1,0
139,0,1,male,0,0,79.2,C,Mr,1,1
140,0,3,female,0,2,15.2458,C,Mrs,3,3
141,1,3,female,0,0,7.75,S,Miss,1,1
142,1,3,female,1,0,15.85,S,Mrs,2,1
143,0,3,male,0,0,6.75,Q,Mr,1,1
144,0,2,male,0,0,11.5,S,Mr,1,1
145,0,2,male,1,1,36.75,S,Mr,3,1
146,1,3,male,0,0,7.7958,S,Mr,1,2
147,0,3,female,2,2,34.375,S,Miss,5,0
148,0,2,male,0,2,26.0,S,Mr,3,4
149,0,2,male,0,0,13.0,S,Mr,1,4
150,0,2,male,0,0,12.525,S,Mr,1,5
151,1,1,female,1,0,66.6,S,Mrs,2,1
152,0,3,male,0,0,8.05,S,Mr,1,5
153,0,3,male,0,2,14.5,S,Mr,3,4
154,0,3,male,0,0,7.3125,S,Mr,1,2
155,0,1,male,0,1,61.3792,C,Mr,2,5
156,1,3,female,0,0,7.7333,Q,Miss,1,0
157,0,3,male,0,0,8.05,S,Mr,1,3
158,0,3,male,0,0,8.6625,S,Mr,1,2
159,0,3,male,8,2,69.55,S,Master,11,0
160,0,3,male,0,1,16.1,S,Mr,2,5
161,1,2,female,0,0,15.75,S,Mrs,1,4
162,0,3,male,0,0,7.775,S,Mr,1,2
163,0,3,male,0,0,8.6625,S,Mr,1,0
164,0,3,male,4,1,39.6875,S,Master,6,0
165,1,3,male,0,2,20.525,S,Master,3,0
166,1,1,female,0,1,55.0,S,Mrs,2,4
167,0,3,female,1,4,27.9,S,Mrs,6,5
168,0,1,male,0,0,25.925,S,Mr,1,4
169,0,3,male,0,0,56.4958,S,Mr,1,2
170,0,1,male,0,0,33.5,S,Mr,1,5
171,0,3,male,4,1,29.125,Q,Master,6,0
172,1,3,female,1,1,11.1333,S,Miss,3,0
173,0,3,male,0,0,7.925,S,Mr,1,1
174,0,1,male,0,0,30.6958,C,Mr,1,5
175,0,3,male,1,1,7.8542,S,Mr,3,1
176,0,3,male,3,1,25.4667,S,Master,5,0
177,0,1,female,0,0,28.7125,C,Miss,1,5
178,0,2,male,0,0,13.0,S,Mr,1,3
179,0,3,male,0,0,0.0,S,Mr,1,4
180,0,3,female,8,2,69.55,S,Miss,11,0
181,0,2,male,0,0,15.05,C,Mr,1,3
182,0,3,male,4,2,31.3875,S,Master,7,0
183,1,2,male,2,1,39.0,S,Master,4,0
184,1,3,female,0,2,22.025,S,Miss,3,0
185,0,1,male,0,0,50.0,S,Mr,1,4
186,1,3,female,1,0,15.5,Q,Mrs,2,3
187,1,1,male,0,0,26.55,S,Mr,1,5
188,0,3,male,1,1,15.5,Q,Mr,3,4
189,0,3,male,0,0,7.8958,S,Mr,1,4
190,1,2,female,0,0,13.0,S,Mrs,1,3
191,0,2,male,0,0,13.0,S,Mr,1,1
192,1,3,female,1,0,7.8542,S,Miss,2,1
193,1,2,male,1,1,26.0,S,Master,3,0
194,1,1,female,0,0,27.7208,C,Mrs,1,5
195,1,1,female,0,0,146.5208,C,Miss,1,5
196,0,3,male,0,0,7.75,Q,Mr,1,2
197,0,3,male,0,1,8.4042,S,Mr,2,4
198,1,3,female,0,0,7.75,Q,Miss,1,0
199,0,2,female,0,0,13.0,S,Mrs,1,1
200,0,3,male,0,0,9.5,S,Mr,1,2
201,0,3,male,8,2,69.55,S,Mr,11,2
202,0,3,male,0,0,6.4958,S,Mr,1,4
203,0,3,male,0,0,7.225,C,Mr,1,5
204,1,3,male,0,0,8.05,S,Mr,1,1
205,0,3,female,0,1,10.4625,S,Miss,2,0
206,0,3,male,1,0,15.85,S,Mr,2,3
207,1,3,male,0,0,18.7875,C,Mr,1,2
208,1,3,female,0,0,7.75,Q,Miss,1,0
209,1,1,male,0,0,31.0,C,Mr,1,4
210,0,3,male,0,0,7.05,S,Mr,1,1
211,1,2,female,0,0,21.0,S,Miss,1,4
212,0,3,male,0,0,7.25,S,Mr,1,1
213,0,2,male,0,0,13.0,S,Mr,1,3
214,0,3,male,1,0,7.75,Q,Mr,2,2
215,1,1,female,1,0,113.275,C,Miss,2,3
216,1,3,female,0,0,7.925,S,Miss,1,2
217,0,2,male,1,0,27.0,S,Mr,2,4
218,1,1,female,0,0,76.2917,C,Miss,1,3
219,0,2,male,0,0,10.5,S,Mr,1,3
220,1,3,male,0,0,8.05,S,Mr,1,0
221,0,2,male,0,0,13.0,S,Mr,1,2
222,0,3,male,0,0,8.05,S,Mr,1,5
223,0,3,male,0,0,7.8958,S,Mr,1,2
224,1,1,male,1,0,90.0,S,Mr,2,4
225,0,3,male,0,0,9.35,S,Mr,1,1
226,1,2,male,0,0,10.5,S,Mr,1,1
227,0,3,male,0,0,7.25,S,Mr,1,1
228,0,2,male,0,0,13.0,S,Mr,1,1
229,0,3,female,3,1,25.4667,S,Miss,5,0
230,1,1,female,1,0,83.475,S,Mrs,2,4
231,0,3,male,0,0,7.775,S,Mr,1,2
232,0,2,male,0,0,13.5,S,Mr,1,5
233,1,3,female,4,2,31.3875,S,Miss,7,0
234,0,2,male,0,0,10.5,S,Mr,1,1
235,0,3,female,0,0,7.55,S,Miss,1,0
236,0,2,male,1,0,26.0,S,Mr,2,5
237,1,2,female,0,2,26.25,S,Mr,3,0
238,0,2,male,0,0,10.5,S,Mr,1,1
239,0,2,male,0,0,12.275,S,Mr,1,3
240,0,3,female,1,0,14.4542,C,Miss,2,0
241,1,3,female,1,0,15.5,Q,Miss,2,0
242,0,2,male,0,0,10.5,S,Mr,1,2
243,0,3,male,0,0,7.125,S,Mr,1,1
244,0,3,male,0,0,7.225,C,Mr,1,3
245,0,1,male,2,0,90.0,Q,Mr,3,5
246,0,3,female,0,0,7.775,S,Miss,1,2
247,1,2,female,0,2,14.5,S,Mrs,3,1
248,1,1,male,1,1,52.5542,S,Mr,3,4
249,0,2,male,1,0,26.0,S,Mr,2,5
250,0,3,male,0,0,7.25,S,Mr,1,2
251,0,3,female,1,1,10.4625,S,Mrs,3,2
252,0,1,male,0,0,26.55,S,Mr,1,5
253,0,3,male,1,0,16.1,S,Mr,2,3
254,0,3,female,0,2,20.2125,S,Mrs,3,4
255,1,3,female,0,2,15.2458,C,Mrs,3,2
256,1,1,female,0,0,79.2,C,Mrs,1,4
257,1,1,female,0,0,86.5,S,Miss,1,3
258,1,1,female,0,0,512.3292,C,Miss,1,4
259,1,2,female,0,1,26.0,S,Mrs,2,5
260,0,3,male,0,0,7.75,Q,Mr,1,2
261,1,3,male,4,2,31.3875,S,Master,7,0
262,0,1,male,1,1,79.65,S,Mr,3,5
263,0,1,male,0,0,0.0,S,Mr,1,4
264,0,3,female,0,0,7.75,Q,Miss,1,0
265,0,2,male,0,0,10.5,S,Mr,1,4
266,0,3,male,4,1,39.6875,S,Mr,6,0
267,1,3,male,1,0,7.775,S,Mr,2,2
268,1,1,female,0,1,153.4625,S,Mrs,2,5
269,1,1,female,0,0,135.6333,S,Miss,1,4
270,0,1,male,0,0,31.0,S,Mr,1,4
271,1,3,male,0,0,0.0,S,Mr,1,2
272,1,2,female,0,1,19.5,S,Mrs,2,4
273,0,1,male,0,1,29.7,C,Mr,2,4
274,1,3,female,0,0,7.75,Q,Miss,1,0
275,1,1,female,1,0,77.9583,S,Miss,2,5
276,0,3,female,0,0,7.75,S,Miss,1,5
277,0,2,male,0,0,0.0,S,Mr,1,3
278,0,3,male,4,1,29.125,Q,Master,6,0
279,1,3,female,1,1,20.25,S,Mrs,3,4
280,0,3,male,0,0,7.75,Q,Mr,1,5
281,0,3,male,0,0,7.8542,S,Mr,1,2
282,0,3,male,0,0,9.5,S,Mr,1,0
283,1,3,male,0,0,8.05,S,Mr,1,1
284,0,1,male,0,0,26.0,S,Mr,1,4
285,0,3,male,0,0,8.6625,C,Mr,1,3
286,1,3,male,0,0,9.5,S,Mr,1,3
287,0,3,male,0,0,7.8958,S,Mr,1,1
288,1,2,male,0,0,13.0,S,Mr,1,4
289,1,3,female,0,0,7.75,Q,Miss,1,1
290,1,1,female,0,0,78.85,S,Miss,1,2
291,1,1,female,1,0,91.0792,C,Mrs,2,1
292,0,2,male,0,0,12.875,C,Mr,1,4
293,0,3,female,0,0,8.85,S,Miss,1,1
294,0,3,male,0,0,7.8958,S,Mr,1,1
295,0,1,male,0,0,27.7208,C,Mr,1,4
296,0,3,male,0,0,7.2292,C,Mr,1,1
297,0,1,female,1,2,151.55,S,Miss,4,0
298,1,1,male,0,0,30.5,S,Mr,1,4
299,1,1,female,0,1,247.5208,C,Mrs,2,5
300,1,3,female,0,0,7.75,Q,Miss,1,0
301,1,3,male,2,0,23.25,Q,Mr,3,2
302,0,3,male,0,0,0.0,S,Mr,1,1
303,1,2,female,0,0,12.35,Q,Miss,1,1
304,0,3,male,0,0,8.05,S,Mr,1,2
305,1,1,male,1,2,151.55,S,Master,4,0
306,1,1,female,0,0,110.8833,C,Miss,1,3
307,1,1,female,1,0,108.9,C,Mrs,2,0
308,0,2,male,1,0,24.0,C,Mr,2,3
309,1,1,female,0,0,56.9292,C,Miss,1,3
310,1,1,female,0,0,83.1583,C,Miss,1,1
311,1,1,female,2,2,262.375,C,Miss,5,1
312,0,2,female,1,1,26.0,S,Mrs,3,2
313,0,3,male,0,0,7.8958,S,Mr,1,2
314,0,2,male,1,1,26.25,S,Mr,3,5
315,1,3,female,0,0,7.8542,S,Miss,1,2
316,1,2,female,1,0,26.0,S,Mrs,2,1
317,0,2,male,0,0,14.0,S,Mr,1,5
318,1,1,female,0,2,164.8667,S,Miss,3,3
319,1,1,female,1,1,134.5,C,Mrs,3,4
320,0,3,male,0,0,7.25,S,Mr,1,1
321,0,3,male,0,0,7.8958,S,Mr,1,2
322,1,2,female,0,0,12.35,Q,Miss,1,3
323,1,2,female,1,1,29.0,S,Mrs,3,1
324,0,3,male,8,2,69.55,S,Mr,11,2
325,1,1,female,0,0,135.6333,C,Miss,1,4
326,0,3,male,0,0,6.2375,S,Mr,1,5
327,1,2,female,0,0,13.0,S,Mrs,1,4
328,1,3,female,1,1,20.525,S,Mrs,3,3
329,1,1,female,0,1,57.9792,C,Miss,2,0
330,1,3,female,2,0,23.25,Q,Miss,3,0
331,0,1,male,0,0,28.5,S,Mr,1,5
332,0,1,male,0,1,153.4625,S,Mr,2,4
333,0,3,male,2,0,18.0,S,Mr,3,0
334,1,1,female,1,0,133.65,S,Mrs,2,4
335,0,3,male,0,0,7.8958,S,Mr,1,2
336,0,1,male,1,0,66.6,S,Mr,2,2
337,1,1,female,0,0,134.5,C,Miss,1,4
338,1,3,male,0,0,8.05,S,Mr,1,5
339,0,1,male,0,0,35.5,S,Mr,1,5
340,1,2,male,1,1,26.0,S,Master,3,0
341,1,1,female,3,2,263.0,S,Miss,6,1
342,0,2,male,0,0,13.0,S,Mr,1,2
343,0,2,male,0,0,13.0,S,Mr,1,2
344,0,2,male,0,0,13.0,S,Mr,1,4
345,1,2,female,0,0,13.0,S,Miss,1,1
346,1,2,female,0,0,13.0,S,Miss,1,4
347,1,3,female,1,0,16.1,S,Mrs,2,3
348,1,3,male,1,1,15.9,S,Master,3,0
349,0,3,male,0,0,8.6625,S,Mr,1,4
350,0,3,male,0,0,9.225,S,Mr,1,1
351,0,1,male,0,0,35.0,S,Mr,1,4
352,0,3,male,1,1,7.2292,C,Mr,3,0
353,0,3,male,1,0,17.8,S,Mr,2,2
354,0,3,male,0,0,7.225,C,Mr,1,2
355,0,3,male,0,0,9.5,S,Mr,1,2
356,1,1,female,0,1,55.0,S,Miss,2,1
357,0,2,female,0,0,13.0,S,Miss,1,4
358,1,3,female,0,0,7.8792,Q,Miss,1,0
359,1,3,female,0,0,7.8792,Q,Miss,1,0
360,0,3,male,1,4,27.9,S,Mr,6,4
361,0,2,male,1,0,27.7208,C,Mr,2,2
362,0,3,female,0,1,14.4542,C,Mrs,2,5
363,0,3,male,0,0,7.05,S,Mr,1,4
364,0,3,male,1,0,15.5,Q,Mr,2,2
365,0,3,male,0,0,7.25,S,Mr,1,3
366,1,1,female,1,0,75.25,C,Mrs,2,5
367,1,3,female,0,0,7.2292,C,Mrs,1,3
368,1,3,female,0,0,7.75,Q,Miss,1,0
369,1,1,female,0,0,69.3,C,Mrs,1,1
370,1,1,male,1,0,55.4417,C,Mr,2,2
371,0,3,male,1,0,6.4958,S,Mr,2,1
372,0,3,male,0,0,8.05,S,Mr,1,1
373,0,1,male,0,0,135.6333,C,Mr,1,1
374,0,3,female,3,1,21.075,S,Miss,5,0
375,1,1,female,1,0,82.1708,C,Mrs,2,4
376,1,3,female,0,0,7.25,S,Miss,1,1
377,0,1,male,0,2,211.5,C,Mr,3,2
378,0,3,male,0,0,4.0125,C,Mr,1,1
379,0,3,male,0,0,7.775,S,Mr,1,1
380,1,1,female,0,0,227.525,C,Miss,1,4
381,1,3,female,0,2,15.7417,C,Miss,3,0
382,0,3,male,0,0,7.925,S,Mr,1,3
383,1,1,female,1,0,52.0,S,Mrs,2,4
384,0,3,male,0,0,7.8958,S,Mr,1,2
385,0,2,male,0,0,73.5,S,Mr,1,1
386,0,3,male,5,2,46.9,S,Master,8,0
387,1,2,female,0,0,13.0,S,Miss,1,4
388,0,3,male,0,0,7.7292,Q,Mr,1,2
389,1,2,female,0,0,12.0,C,Miss,1,0
390,1,1,male,1,2,120.0,S,Mr,4,4
391,1,3,male,0,0,7.7958,S,Mr,1,1
392,0,3,male,2,0,7.925,S,Mr,3,2
393,1,1,female,1,0,113.275,C,Miss,2,1
394,1,3,female,0,2,16.7,S,Mrs,3,1
395,0,3,male,0,0,7.7958,S,Mr,1,1
396,0,3,female,0,0,7.8542,S,Miss,1,3
397,0,2,male,0,0,26.0,S,Mr,1,5
398,0,2,male,0,0,10.5,S,Mr,1,1
399,1,2,female,0,0,12.65,S,Mrs,1,2
400,1,3,male,0,0,7.925,S,Mr,1,4
401,0,3,male,0,0,8.05,S,Mr,1,2
402,0,3,female,1,0,9.825,S,Miss,2,1
403,0,3,male,1,0,15.85,S,Mr,2,2
404,0,3,female,0,0,8.6625,S,Miss,1,1
405,0,2,male,1,0,21.0,S,Mr,2,4
406,0,3,male,0,0,7.75,S,Mr,1,5
407,1,2,male,1,1,18.75,S,Master,3,0
408,0,3,male,0,0,7.775,S,Mr,1,1
409,0,3,female,3,1,25.4667,S,Miss,5,0
410,0,3,male,0,0,7.8958,S,Mr,1,2
411,0,3,male,0,0,6.8583,Q,Mr,1,2
412,1,1,female,1,0,90.0,Q,Miss,2,3
413,0,2,male,0,0,0.0,S,Mr,1,3
414,1,3,male,0,0,7.925,S,Mr,1,5
415,0,3,female,0,0,8.05,S,Mrs,1,3
416,1,2,female,1,1,32.5,S,Mrs,3,4
417,1,2,female,0,2,13.0,S,Miss,3,1
418,0,2,male,0,0,13.0,S,Mr,1,3
419,0,3,female,0,2,24.15,S,Miss,3,0
420,0,3,male,0,0,7.8958,C,Mr,1,2
421,0,3,male,0,0,7.7333,Q,Mr,1,1
422,0,3,male,0,0,7.875,S,Mr,1,2
423,0,3,female,1,1,14.4,S,Mrs,3,2
424,0,3,male,1,1,20.2125,S,Mr,3,1
425,0,3,male,0,0,7.25,S,Mr,1,2
426,1,2,female,1,0,26.0,S,Mrs,2,2
427,1,2,female,0,0,26.0,S,Mrs,1,1
428,0,3,male,0,0,7.75,Q,Mr,1,2
429,1,3,male,0,0,8.05,S,Mr,1,3
430,1,1,male,0,0,26.55,S,Mr,1,2
431,1,3,female,1,0,16.1,S,Mrs,2,3
432,1,2,female,1,0,26.0,S,Mrs,2,4
433,0,3,male,0,0,7.125,S,Mr,1,0
434,0,1,male,1,0,55.9,S,Mr,2,5
435,1,1,female,1,2,120.0,S,Miss,4,0
436,0,3,female,2,2,34.375,S,Miss,5,1
437,1,2,female,2,3,18.75,S,Mrs,6,1
438,0,1,male,1,4,263.0,S,Mr,6,5
439,0,2,male,0,0,10.5,S,Mr,1,3
440,1,2,female,1,1,26.25,S,Mrs,3,5
441,0,3,male,0,0,9.5,S,Mr,1,1
442,0,3,male,1,0,7.775,S,Mr,2,2
443,1,2,female,0,0,13.0,S,Miss,1,2
444,1,3,male,0,0,8.1125,S,Mr,1,2
445,1,1,male,0,2,81.8583,S,Master,3,0
446,1,2,female,0,1,19.5,S,Miss,2,0
447,1,1,male,0,0,26.55,S,Mr,1,4
448,1,3,female,2,1,19.2583,C,Miss,4,0
449,1,1,male,0,0,30.5,S,Mr,1,5
450,0,2,male,1,2,27.75,S,Mr,4,4
451,0,3,male,1,0,19.9667,S,Mr,2,2
452,0,1,male,0,0,27.75,C,Mr,1,3
453,1,1,male,1,0,89.1042,C,Mr,2,5
454,0,3,male,0,0,8.05,S,Mr,1,2
455,1,3,male,0,0,7.8958,C,Mr,1,2
456,0,1,male,0,0,26.55,S,Mr,1,5
457,1,1,female,1,0,51.8625,S,Mrs,2,4
458,1,2,female,0,0,10.5,S,Miss,1,5
459,0,3,male,0,0,7.75,Q,Mr,1,2
460,1,1,male,0,0,26.55,S,Mr,1,5
461,0,3,male,0,0,8.05,S,Mr,1,4
462,0,1,male,0,0,38.5,S,Mr,1,5
463,0,2,male,0,0,13.0,S,Mr,1,5
464,0,3,male,0,0,8.05,S,Mr,1,2
465,0,3,male,0,0,7.05,S,Mr,1,4
466,0,2,male,0,0,0.0,S,Mr,1,3
467,0,1,male,0,0,26.55,S,Mr,1,5
468,0,3,male,0,0,7.725,Q,Mr,1,2
469,1,3,female,2,1,19.2583,C,Miss,4,0
470,0,3,male,0,0,7.25,S,Mr,1,2
471,0,3,male,0,0,8.6625,S,Mr,1,4
472,1,2,female,1,2,27.75,S,Mrs,4,3
473,1,2,female,0,0,13.7917,C,Mrs,1,1
474,0,3,female,0,0,9.8375,S,Miss,1,1
475,0,1,male,0,0,52.0,S,Mr,1,4
476,0,2,male,1,0,21.0,S,Mr,2,4
477,0,3,male,1,0,7.0458,S,Mr,2,2
478,0,3,male,0,0,7.5208,S,Mr,1,1
479,1,3,female,0,1,12.2875,S,Miss,2,0
480,0,3,male,5,2,46.9,S,Master,8,0
481,0,2,male,0,0,0.0,S,Mr,1,3
482,0,3,male,0,0,8.05,S,Mr,1,5
483,1,3,female,0,0,9.5875,S,Mrs,1,5
484,1,1,male,1,0,91.0792,C,Mr,2,2
485,0,3,female,3,1,25.4667,S,Miss,5,0
486,1,1,female,1,0,90.0,S,Mrs,2,4
487,0,1,male,0,0,29.7,C,Mr,1,5
488,0,3,male,0,0,8.05,S,Mr,1,3
489,1,3,male,1,1,15.9,S,Master,3,0
490,0,3,male,1,0,19.9667,S,Mr,2,2
491,0,3,male,0,0,7.25,S,Mr,1,1
492,0,1,male,0,0,30.5,S,Mr,1,5
493,0,1,male,0,0,49.5042,C,Mr,1,5
494,0,3,male,0,0,8.05,S,Mr,1,1
495,0,3,male,0,0,14.4583,C,Mr,1,2
496,1,1,female,1,0,78.2667,C,Miss,2,5
497,0,3,male,0,0,15.1,S,Mr,1,2
498,0,1,female,1,2,151.55,S,Mrs,4,2
499,0,3,male,0,0,7.7958,S,Mr,1,1
500,0,3,male,0,0,8.6625,S,Mr,1,0
501,0,3,female,0,0,7.75,Q,Miss,1,1
502,0,3,female,0,0,7.6292,Q,Miss,1,0
503,0,3,female,0,0,9.5875,S,Miss,1,4
504,1,1,female,0,0,86.5,S,Miss,1,0
505,0,1,male,1,0,108.9,C,Mr,2,1
506,1,2,female,0,2,26.0,S,Mrs,3,3
507,1,1,male,0,0,26.55,S,Mr,1,4
508,0,3,male,0,0,22.525,S,Mr,1,2
509,1,3,male,0,0,56.4958,S,Mr,1,2
510,1,3,male,0,0,7.75,Q,Mr,1,2
511,0,3,male,0,0,8.05,S,Mr,1,2
512,1,1,male,0,0,26.2875,S,Mr,1,4
513,1,1,female,1,0,59.4,C,Mrs,2,5
514,0,3,male,0,0,7.4958,S,Mr,1,1
515,0,1,male,0,0,34.0208,S,Mr,1,5
516,1,2,female,0,0,10.5,S,Mrs,1,4
517,0,3,male,0,0,24.15,Q,Mr,1,2
518,1,2,female,1,0,26.0,S,Mrs,2,4
519,0,3,male,0,0,7.8958,S,Mr,1,3
520,1,1,female,0,0,93.5,S,Miss,1,3
521,0,3,male,0,0,7.8958,S,Mr,1,1
522,0,3,male,0,0,7.225,C,Mr,1,2
523,1,1,female,0,1,57.9792,C,Mrs,2,5
524,0,3,male,0,0,7.2292,C,Mr,1,2
525,0,3,male,0,0,7.75,Q,Mr,1,4
526,1,2,female,0,0,10.5,S,Miss,1,5
527,0,1,male,0,0,221.7792,S,Mr,1,4
528,0,3,male,0,0,7.925,S,Mr,1,4
529,0,2,male,2,1,11.5,S,Mr,4,1
530,1,2,female,1,1,26.0,S,Miss,3,0
531,0,3,male,0,0,7.2292,C,Mr,1,2
532,0,3,male,1,1,7.2292,C,Mr,3,0
533,1,3,female,0,2,22.3583,C,Mrs,3,3
534,0,3,female,0,0,8.6625,S,Miss,1,3
535,1,2,female,0,2,26.25,S,Miss,3,0
536,0,1,male,0,0,26.55,S,Mr,1,5
537,1,1,female,0,0,106.425,C,Miss,1,3
538,0,3,male,0,0,14.5,S,Mr,1,2
539,1,1,female,0,2,49.5,C,Miss,3,1
540,1,1,female,0,2,71.0,S,Miss,3,4
541,0,3,female,4,2,31.275,S,Miss,7,0
542,0,3,female,4,2,31.275,S,Miss,7,0
543,1,2,male,1,0,26.0,S,Mr,2,3
544,0,1,male,1,0,106.425,C,Mr,2,5
545,0,1,male,0,0,26.0,S,Mr,1,5
546,1,2,female,1,0,26.0,S,Mrs,2,1
547,1,2,male,0,0,13.8625,C,Mr,1,3
548,0,3,male,1,1,20.525,S,Mr,3,3
549,1,2,male,1,1,36.75,S,Master,3,0
550,1,1,male,0,2,110.8833,C,Mr,3,0
551,0,2,male,0,0,26.0,S,Mr,1,2
552,0,3,male,0,0,7.8292,Q,Mr,1,2
553,1,3,male,0,0,7.225,C,Mr,1,1
554,1,3,female,0,0,7.775,S,Miss,1,1
555,0,1,male,0,0,26.55,S,Mr,1,5
556,1,1,female,1,0,39.6,C,Mrs,2,5
557,0,1,male,0,0,227.525,C,Mr,1,4
558,1,1,female,1,1,79.65,S,Mrs,3,4
559,1,3,female,1,0,17.4,S,Mrs,2,4
560,0,3,male,0,0,7.75,Q,Mr,1,2
561,0,3,male,0,0,7.8958,S,Mr,1,4
562,0,2,male,0,0,13.5,S,Mr,1,2
563,0,3,male,0,0,8.05,S,Mr,1,2
564,0,3,female,0,0,8.05,S,Miss,1,0
565,0,3,male,2,0,24.15,S,Mr,3,1
566,0,3,male,0,0,7.8958,S,Mr,1,1
567,0,3,female,0,4,21.075,S,Mrs,5,2
568,0,3,male,0,0,7.2292,C,Mr,1,2
569,1,3,male,0,0,7.8542,S,Mr,1,3
570,1,2,male,0,0,10.5,S,Mr,1,5
571,1,1,female,2,0,51.4792,S,Mrs,3,5
572,1,1,male,0,0,26.3875,S,Mr,1,4
573,1,3,female,0,0,7.75,Q,Miss,1,0
574,0,3,male,0,0,8.05,S,Mr,1,0
575,0,3,male,0,0,14.5,S,Mr,1,1
576,1,2,female,0,0,13.0,S,Miss,1,4
577,1,1,female,1,0,55.9,S,Mrs,2,4
578,0,3,female,1,0,14.4583,C,Mrs,2,3
579,1,3,male,0,0,7.925,S,Mr,1,3
580,1,2,female,1,1,30.0,S,Miss,3,2
581,1,1,female,1,1,110.8833,C,Mrs,3,4
582,0,2,male,0,0,26.0,S,Mr,1,5
583,0,1,male,0,0,40.125,C,Mr,1,4
584,0,3,male,0,0,8.7125,C,Mr,1,2
585,1,1,female,0,2,79.65,S,Miss,3,1
586,0,2,male,0,0,15.0,S,Mr,1,5
587,1,1,male,1,1,79.2,C,Mr,3,5
588,0,3,male,0,0,8.05,S,Mr,1,1
589,0,3,male,0,0,8.05,S,Mr,1,2
590,0,3,male,0,0,7.125,S,Mr,1,4
591,1,1,female,1,0,78.2667,C,Mrs,2,5
592,0,3,male,0,0,7.25,S,Mr,1,5
593,0,3,female,0,2,7.75,Q,Miss,3,0
594,0,2,male,1,0,26.0,S,Mr,2,4
595,0,3,male,1,1,24.15,S,Mr,3,4
596,1,2,female,0,0,33.0,S,Miss,1,1
597,0,3,male,0,0,0.0,S,Mr,1,5
598,0,3,male,0,0,7.225,C,Mr,1,2
599,1,1,male,1,0,56.9292,C,Mr,2,5
600,1,2,female,2,1,27.0,S,Mrs,4,1
601,0,3,male,0,0,7.8958,S,Mr,1,2
602,0,1,male,0,0,42.4,S,Mr,1,4
603,0,3,male,0,0,8.05,S,Mr,1,5
604,1,1,male,0,0,26.55,C,Mr,1,4
605,0,3,male,1,0,15.55,S,Mr,2,4
606,0,3,male,0,0,7.8958,S,Mr,1,3
607,1,1,male,0,0,30.5,S,Mr,1,2
608,1,2,female,1,2,41.5792,C,Mrs,4,1
609,1,1,female,0,0,153.4625,S,Miss,1,4
610,0,3,female,1,5,31.275,S,Mrs,7,4
611,0,3,male,0,0,7.05,S,Mr,1,2
612,1,3,female,1,0,15.5,Q,Miss,2,0
613,0,3,male,0,0,7.75,Q,Mr,1,2
614,0,3,male,0,0,8.05,S,Mr,1,4
615,1,2,female,1,2,65.0,S,Miss,4,1
616,0,3,male,1,1,14.4,S,Mr,3,4
617,0,3,female,1,0,16.1,S,Mrs,2,2
618,1,2,female,2,1,39.0,S,Miss,4,0
619,0,2,male,0,0,10.5,S,Mr,1,2
620,0,3,male,1,0,14.4542,C,Mr,2,2
621,1,1,male,1,0,52.5542,S,Mr,2,4
622,1,3,male,1,1,15.7417,C,Mr,3,1
623,0,3,male,0,0,7.8542,S,Mr,1,1
624,0,3,male,0,0,16.1,S,Mr,1,1
625,0,1,male,0,0,32.3208,S,Mr,1,5
626,0,2,male,0,0,12.35,Q,Mr,1,5
627,1,1,female,0,0,77.9583,S,Miss,1,1
628,0,3,male,0,0,7.8958,S,Mr,1,2
629,0,3,male,0,0,7.7333,Q,Mr,1,2
630,1,1,male,0,0,30.0,S,Mr,1,5
631,0,3,male,0,0,7.0542,S,Mr,1,5
632,1,1,male,0,0,30.5,C,Mr,1,3
633,0,1,male,0,0,0.0,S,Mr,1,4
634,0,3,female,3,2,27.9,S,Miss,6,0
635,1,2,female,0,0,13.0,S,Miss,1,2
636,0,3,male,0,0,7.925,S,Mr,1,3
637,0,2,male,1,1,26.25,S,Mr,3,3
638,0,3,female,0,5,39.6875,S,Mrs,6,4
639,0,3,male,1,0,16.1,S,Mr,2,2
640,0,3,male,0,0,7.8542,S,Mr,1,1
641,1,1,female,0,0,69.3,C,Miss,1,1
642,0,3,female,3,2,27.9,S,Miss,6,0
643,1,3,male,0,0,56.4958,S,Mr,1,2
644,1,3,female,2,1,19.2583,C,Miss,4,0
645,1,1,male,1,0,76.7292,C,Mr,2,5
646,0,3,male,0,0,7.8958,S,Mr,1,1
647,1,1,male,0,0,35.5,C,Mr,1,5
648,0,3,male,0,0,7.55,S,Mr,1,2
649,1,3,female,0,0,7.55,S,Miss,1,1
650,0,3,male,0,0,7.8958,S,Mr,1,2
651,1,2,female,0,1,23.0,S,Miss,2,1
652,0,3,male,0,0,8.4333,S,Mr,1,1
653,1,3,female,0,0,7.8292,Q,Miss,1,0
654,0,3,female,0,0,6.75,Q,Miss,1,1
655,0,2,male,2,0,73.5,S,Mr,3,1
656,0,3,male,0,0,7.8958,S,Mr,1,2
657,0,3,female,1,1,15.5,Q,Mrs,3,3
658,0,2,male,0,0,13.0,S,Mr,1,1
659,0,1,male,0,2,113.275,C,Mr,3,5
660,1,1,male,2,0,133.65,S,Mr,3,5
661,0,3,male,0,0,7.225,C,Mr,1,4
662,0,1,male,0,0,25.5875,S,Mr,1,5
663,0,3,male,0,0,7.4958,S,Mr,1,4
664,1,3,male,1,0,7.925,S,Mr,2,1
665,0,2,male,2,0,73.5,S,Mr,3,3
666,0,2,male,0,0,13.0,S,Mr,1,2
667,0,3,male,0,0,7.775,S,Mr,1,2
668,0,3,male,0,0,8.05,S,Mr,1,5
669,1,1,female,1,0,52.0,S,Mrs,2,4
670,1,2,female,1,1,39.0,S,Mrs,3,4
671,0,1,male,1,0,52.0,S,Mr,2,3
672,0,2,male,0,0,10.5,S,Mr,1,5
673,1,2,male,0,0,13.0,S,Mr,1,3
674,0,2,male,0,0,0.0,S,Mr,1,3
675,0,3,male,0,0,7.775,S,Mr,1,1
676,0,3,male,0,0,8.05,S,Mr,1,2
677,1,3,female,0,0,9.8417,S,Miss,1,1
678,0,3,female,1,6,46.9,S,Mrs,8,5
679,1,1,male,0,1,512.3292,C,Mr,2,4
680,0,3,female,0,0,8.1375,Q,Miss,1,0
681,1,1,male,0,0,76.7292,C,Mr,1,2
682,0,3,male,0,0,9.225,S,Mr,1,1
683,0,3,male,5,2,46.9,S,Mr,8,0
684,0,2,male,1,1,39.0,S,Mr,3,5
685,0,2,male,1,2,41.5792,C,Mr,4,2
686,0,3,male,4,1,39.6875,S,Mr,6,0
687,0,3,male,0,0,10.1708,S,Mr,1,1
688,0,3,male,0,0,7.7958,S,Mr,1,1
689,1,1,female,0,1,211.3375,S,Miss,2,0
690,1,1,male,1,0,57.0,S,Mr,2,3
691,1,3,female,0,1,13.4167,C,Miss,2,0
692,1,3,male,0,0,56.4958,S,Mr,1,2
693,0,3,male,0,0,7.225,C,Mr,1,2
694,0,1,male,0,0,26.55,S,Mr,1,5
695,0,2,male,0,0,13.5,S,Mr,1,5
696,0,3,male,0,0,8.05,S,Mr,1,5
697,1,3,female,0,0,7.7333,Q,Miss,1,0
698,0,1,male,1,1,110.8833,C,Mr,3,5
699,0,3,male,0,0,7.65,S,Mr,1,4
700,1,1,female,1,0,227.525,C,Mrs,2,1
701,1,1,male,0,0,26.2875,S,Mr,1,4
702,0,3,female,0,1,14.4542,C,Miss,2,1
703,0,3,male,0,0,7.7417,Q,Mr,1,2
704,0,3,male,1,0,7.8542,S,Mr,2,2
705,0,2,male,0,0,26.0,S,Mr,1,4
706,1,2,female,0,0,13.5,S,Mrs,1,5
707,1,1,male,0,0,26.2875,S,Mr,1,4
708,1,1,female,0,0,151.55,S,Miss,1,1
709,1,3,male,1,1,15.2458,C,Master,3,0
710,1,1,female,0,0,49.5042,C,Mrs,1,1
711,0,1,male,0,0,26.55,S,Mr,1,4
712,1,1,male,1,0,52.0,S,Mr,2,5
713,0,3,male,0,0,9.4833,S,Mr,1,2
714,0,2,male,0,0,13.0,S,Mr,1,5
715,0,3,male,0,0,7.65,S,Mr,1,1
716,1,1,female,0,0,227.525,C,Miss,1,4
717,1,2,female,0,0,10.5,S,Miss,1,2
718,0,3,male,0,0,15.5,Q,Mr,1,2
719,0,3,male,0,0,7.775,S,Mr,1,3
720,1,2,female,0,1,33.0,S,Miss,2,0
721,0,3,male,1,0,7.0542,S,Mr,2,0
722,0,2,male,0,0,13.0,S,Mr,1,4
723,0,2,male,0,0,13.0,S,Mr,1,5
724,1,1,male,1,0,53.1,S,Mr,2,2
725,0,3,male,0,0,8.6625,S,Mr,1,1
726,1,2,female,3,0,21.0,S,Mrs,4,3
727,1,3,female,0,0,7.7375,Q,Miss,1,0
728,0,2,male,1,0,26.0,S,Mr,2,2
729,0,3,female,1,0,7.925,S,Miss,2,2
730,1,1,female,0,0,211.3375,S,Miss,1,2
731,0,3,male,0,0,18.7875,C,Mr,1,0
732,0,2,male,0,0,0.0,S,Mr,1,3
733,0,2,male,0,0,13.0,S,Mr,1,1
734,0,2,male,0,0,13.0,S,Mr,1,1
735,0,3,male,0,0,16.1,S,Mr,1,2
736,0,3,female,1,3,34.375,S,Mrs,5,5
737,1,1,male,0,0,512.3292,C,Mr,1,4
738,0,3,male,0,0,7.8958,S,Mr,1,2
739,0,3,male,0,0,7.8958,S,Mr,1,2
740,1,1,male,0,0,30.0,S,Mr,1,4
741,0,1,male,1,0,78.85,S,Mr,2,4
742,1,1,female,2,2,262.375,C,Miss,5,1
743,0,3,male,1,0,16.1,S,Mr,2,1
744,1,3,male,0,0,7.925,S,Mr,1,3
745,0,1,male,1,1,71.0,S,Mr,3,5
746,0,3,male,1,1,20.25,S,Mr,3,0
747,1,2,female,0,0,13.0,S,Miss,1,3
748,0,1,male,1,0,53.1,S,Mr,2,1
749,0,3,male,0,0,7.75,Q,Mr,1,3
750,1,2,female,1,1,23.0,S,Miss,3,0
751,1,3,male,0,1,12.475,S,Master,2,0
752,0,3,male,0,0,9.5,S,Mr,1,3
753,0,3,male,0,0,7.8958,S,Mr,1,1
754,1,2,female,1,2,65.0,S,Mrs,4,5
755,1,2,male,1,1,14.5,S,Master,3,0
756,0,3,male,0,0,7.7958,S,Mr,1,2
757,0,2,male,0,0,11.5,S,Mr,1,1
758,0,3,male,0,0,8.05,S,Mr,1,4
759,1,1,female,0,0,86.5,S,Mrs,1,3
760,0,3,male,0,0,14.5,S,Mr,1,2
761,0,3,male,0,0,7.125,S,Mr,1,4
762,1,3,male,0,0,7.2292,C,Mr,1,1
763,1,1,female,1,2,120.0,S,Mrs,4,4
764,0,3,male,0,0,7.775,S,Mr,1,0
765,1,1,female,1,0,77.9583,S,Mrs,2,5
766,0,1,male,0,0,39.6,C,Mr,1,4
767,0,3,female,0,0,7.75,Q,Miss,1,3
768,0,3,male,1,0,24.15,Q,Mr,2,2
769,0,3,male,0,0,8.3625,S,Mr,1,3
770,0,3,male,0,0,9.5,S,Mr,1,1
771,0,3,male,0,0,7.8542,S,Mr,1,5
772,0,2,female,0,0,10.5,S,Mrs,1,5
773,0,3,male,0,0,7.225,C,Mr,1,2
774,1,2,female,1,3,23.0,S,Mrs,5,5
775,0,3,male,0,0,7.75,S,Mr,1,1
776,0,3,male,0,0,7.75,Q,Mr,1,2
777,1,3,female,0,0,12.475,S,Miss,1,0
778,0,3,male,0,0,7.7375,Q,Mr,1,2
779,1,1,female,0,1,211.3375,S,Mrs,2,5
780,1,3,female,0,0,7.2292,C,Miss,1,0
781,1,1,female,1,0,57.0,S,Mrs,2,0
782,0,1,male,0,0,30.0,S,Mr,1,2
783,0,3,male,1,2,23.45,S,Mr,4,2
784,0,3,male,0,0,7.05,S,Mr,1,2
785,0,3,male,0,0,7.25,S,Mr,1,2
786,1,3,female,0,0,7.4958,S,Miss,1,1
787,0,3,male,4,1,29.125,Q,Master,6,0
788,1,3,male,1,2,20.575,S,Master,4,0
789,0,1,male,0,0,79.2,C,Mr,1,5
790,0,3,male,0,0,7.75,Q,Mr,1,2
791,0,2,male,0,0,26.0,S,Mr,1,0
792,0,3,female,8,2,69.55,S,Miss,11,0
793,0,1,male,0,0,30.6958,C,Mr,1,4
794,0,3,male,0,0,7.8958,S,Mr,1,2
795,0,2,male,0,0,13.0,S,Mr,1,4
796,1,1,female,0,0,25.9292,S,Mr,1,5
797,1,3,female,0,0,8.6833,S,Mrs,1,3
798,0,3,male,0,0,7.2292,C,Mr,1,3
799,0,3,female,1,1,24.15,S,Mrs,3,3
800,0,2,male,0,0,13.0,S,Mr,1,4
801,1,2,female,1,1,26.25,S,Mrs,3,3
802,1,1,male,1,2,120.0,S,Master,4,0
803,1,3,male,0,1,8.5167,C,Master,2,0
804,1,3,male,0,0,6.975,S,Mr,1,2
805,0,3,male,0,0,7.775,S,Mr,1,3
806,0,1,male,0,0,0.0,S,Mr,1,4
807,0,3,female,0,0,7.775,S,Miss,1,1
808,0,2,male,0,0,13.0,S,Mr,1,4
809,1,1,female,1,0,53.1,S,Mrs,2,3
810,0,3,male,0,0,7.8875,S,Mr,1,2
811,0,3,male,0,0,24.15,S,Mr,1,4
812,0,2,male,0,0,10.5,S,Mr,1,4
813,0,3,female,4,2,31.275,S,Miss,7,0
814,0,3,male,0,0,8.05,S,Mr,1,3
815,0,1,male,0,0,0.0,S,Mr,1,4
816,0,3,female,0,0,7.925,S,Miss,1,1
817,0,2,male,1,1,37.0042,C,Mr,3,3
818,0,3,male,0,0,6.45,S,Mr,1,5
819,0,3,male,3,2,27.9,S,Master,6,0
820,1,1,female,1,1,93.5,S,Mrs,3,5
821,1,3,male,0,0,8.6625,S,Mr,1,2
822,0,1,male,0,0,0.0,S,Mr,1,4
823,1,3,female,0,1,12.475,S,Mrs,2,2
824,0,3,male,4,1,39.6875,S,Master,6,0
825,0,3,male,0,0,6.95,Q,Mr,1,2
826,0,3,male,0,0,56.4958,S,Mr,1,2
827,1,2,male,0,2,37.0042,C,Master,3,0
828,1,3,male,0,0,7.75,Q,Mr,1,2
829,1,1,female,0,0,80.0,,Mrs,1,5
830,1,3,female,1,0,14.4542,C,Mrs,2,0
831,1,2,male,1,1,18.75,S,Master,3,0
832,0,3,male,0,0,7.2292,C,Mr,1,2
833,0,3,male,0,0,7.8542,S,Mr,1,1
834,0,3,male,0,0,8.3,S,Mr,1,1
835,1,1,female,1,1,83.1583,C,Miss,3,4
836,0,3,male,0,0,8.6625,S,Mr,1,1
837,0,3,male,0,0,8.05,S,Mr,1,2
838,1,3,male,0,0,56.4958,S,Mr,1,3
839,1,1,male,0,0,29.7,C,Mr,1,4
840,0,3,male,0,0,7.925,S,Mr,1,1
841,0,2,male,0,0,10.5,S,Mr,1,0
842,1,1,female,0,0,31.0,C,Miss,1,3
843,0,3,male,0,0,6.4375,C,Mr,1,4
844,0,3,male,0,0,8.6625,S,Mr,1,0
845,0,3,male,0,0,7.55,S,Mr,1,4
846,0,3,male,8,2,69.55,S,Mr,11,2
847,0,3,male,0,0,7.8958,C,Mr,1,4
848,0,2,male,0,1,33.0,S,Mr,2,2
849,1,1,female,1,0,89.1042,C,Mrs,2,4
850,0,3,male,4,2,31.275,S,Master,7,0
851,0,3,male,0,0,7.775,S,Mr,1,5
852,0,3,female,1,1,15.2458,C,Miss,3,0
853,1,1,female,0,1,39.4,S,Miss,2,0
854,0,2,female,1,0,26.0,S,Mrs,2,5
855,1,3,female,0,1,9.35,S,Mrs,2,1
856,1,1,female,1,1,164.8667,S,Mrs,3,5
857,1,1,male,0,0,26.55,S,Mr,1,5
858,1,3,female,0,3,19.2583,C,Mrs,4,1
859,0,3,male,0,0,7.2292,C,Mr,1,2
860,0,3,male,2,0,14.1083,S,Mr,3,4
861,0,2,male,1,0,11.5,S,Mr,2,1
862,1,1,female,0,0,25.9292,S,Mrs,1,5
863,0,3,female,8,2,69.55,S,Miss,11,0
864,0,2,male,0,0,13.0,S,Mr,1,1
865,1,2,female,0,0,13.0,S,Mrs,1,4
866,1,2,female,1,0,13.8583,C,Miss,2,2
867,0,1,male,0,0,50.4958,S,Mr,1,3
868,0,3,male,0,0,9.5,S,Mr,1,2
869,1,3,male,1,1,11.1333,S,Master,3,0
870,0,3,male,0,0,7.8958,S,Mr,1,2
871,1,1,female,1,1,52.5542,S,Mrs,3,5
872,0,1,male,0,0,5.0,S,Mr,1,3
873,0,3,male,0,0,9.0,S,Mr,1,5
874,1,2,female,1,0,24.0,C,Mrs,2,2
875,1,3,female,0,0,7.225,C,Miss,1,0
876,0,3,male,0,0,9.8458,S,Mr,1,1
877,0,3,male,0,0,7.8958,S,Mr,1,1
878,0,3,male,0,0,7.8958,S,Mr,1,2
879,1,1,female,0,1,83.1583,C,Mrs,2,5
880,1,2,female,0,1,26.0,S,Mrs,2,2
881,0,3,male,0,0,7.8958,S,Mr,1,3
882,0,3,female,0,0,10.5167,S,Miss,1,1
883,0,2,male,0,0,10.5,S,Mr,1,2
884,0,3,male,0,0,7.05,S,Mr,1,2
885,0,3,female,0,5,29.125,Q,Mrs,6,4
886,0,2,male,0,0,13.0,S,Mr,1,2
887,1,1,female,0,0,30.0,S,Miss,1,1
888,0,3,female,1,2,23.45,S,Miss,4,0
889,1,1,male,0,0,30.0,C,Mr,1,2
890,0,3,male,0,0,7.75,Q,Mr,1,3
